Sales_ID,Date,Amount,Region,Category,Month
SAL1,2022-01-01 00:00:00.000000000,2498.16047538945,South,Books,1
SAL2,2022-01-01 17:30:25.250501002,4802.857225639665,East,Beauty,1
SAL3,2022-01-02 11:00:50.501002004,3927.9757672456203,North,Beauty,1
SAL4,2022-01-03 04:31:15.751503006,3394.6339367881465,North,Books,1
SAL5,2022-01-03 22:01:41.002004008,1624.0745617697462,North,Books,1
SAL6,2022-01-04 15:32:06.252505010,1623.9780813448106,North,Clothing,1
SAL7,2022-01-05 09:02:31.503006012,1232.3344486727979,West,Home Decor,1
SAL8,2022-01-06 02:32:56.753507014,4464.704583099741,North,Sports,1
SAL9,2022-01-06 20:03:22.004008016,3404.4600469728352,West,Electronics,1
SAL10,2022-01-07 13:33:47.254509018,3832.290311184182,West,Home Decor,1
SAL11,2022-01-08 07:04:12.505010020,1082.33797718321,North,Beauty,1
SAL12,2022-01-09 00:34:37.755511022,4879.639408647978,North,Books,1
SAL13,2022-01-09 18:05:03.006012024,4329.770563201687,South,Home Decor,1
SAL14,2022-01-10 11:35:28.256513026,1849.3564427131046,East,Sports,1
SAL15,2022-01-11 05:05:53.507014028,1727.2998688284024,North,Beauty,1
SAL16,2022-01-11 22:36:18.757515030,1733.6180394137352,South,Electronics,1
SAL17,2022-01-12 16:06:44.008016032,2216.968971838151,South,Electronics,1
SAL18,2022-01-13 09:37:09.258517034,3099.0257265289515,East,Sports,1
SAL19,2022-01-14 03:07:34.509018036,2727.780074568463,West,Sports,1
SAL20,2022-01-14 20:37:59.759519038,2164.9165607921677,North,Books,1
SAL21,2022-01-15 14:08:25.010020040,3447.411578889518,East,Electronics,1
SAL22,2022-01-16 07:38:50.260521042,1557.9754426081672,North,Beauty,1
SAL23,2022-01-17 01:09:15.511022044,2168.5785941408726,South,Home Decor,1
SAL24,2022-01-17 18:39:40.761523046,2465.4473731747667,South,Beauty,1
SAL25,2022-01-18 12:10:06.012024048,2824.2799368681435,West,Clothing,1
SAL26,2022-01-19 05:40:31.262525050,4140.703845572054,South,Clothing,1
SAL27,2022-01-19 23:10:56.513026052,1798.6951286334388,South,Sports,1
SAL28,2022-01-20 16:41:21.763527054,3056.9377536544466,East,Books,1
SAL29,2022-01-21 10:11:47.014028056,3369.6582754481697,North,Clothing,1
SAL30,2022-01-22 03:42:12.264529058,1185.8016508799908,North,Electronics,1
SAL31,2022-01-22 21:12:37.515030060,3430.1794076057536,East,Beauty,1
SAL32,2022-01-23 14:43:02.765531062,1682.0964947491661,West,Beauty,1
SAL33,2022-01-24 08:13:28.016032064,1260.206371941118,North,Sports,1
SAL34,2022-01-25 01:43:53.266533066,4795.542149013333,South,Home Decor,1
SAL35,2022-01-25 19:14:18.517034068,4862.528132298237,North,Sports,1
SAL36,2022-01-26 12:44:43.767535070,4233.589392465845,South,Home Decor,1
SAL37,2022-01-27 06:15:09.018036072,2218.4550766934826,West,Sports,1
SAL38,2022-01-27 23:45:34.268537074,1390.6884560255355,East,Sports,1
SAL39,2022-01-28 17:15:59.519038076,3736.9321060486277,North,Sports,1
SAL40,2022-01-29 10:46:24.769539078,2760.6099749584055,East,Home Decor,1
SAL41,2022-01-30 04:16:50.020040080,1488.1529393791152,North,Home Decor,1
SAL42,2022-01-30 21:47:15.270541082,2980.707640445081,South,Sports,1
SAL43,2022-01-31 15:17:40.521042084,1137.5540844608736,East,Clothing,1
SAL44,2022-02-01 08:48:05.771543086,4637.281608315128,North,Books,2
SAL45,2022-02-02 02:18:31.022044088,2035.1199264000677,South,Books,2
SAL46,2022-02-02 19:48:56.272545090,3650.089137415928,East,Books,2
SAL47,2022-02-03 13:19:21.523046092,2246.8443043576435,East,Home Decor,2
SAL48,2022-02-04 06:49:46.773547094,3080.272084711243,North,Home Decor,2
SAL49,2022-02-05 00:20:12.024048096,3186.841117373119,North,Clothing,2
SAL50,2022-02-05 17:50:37.274549098,1739.4178221021082,North,Books,2
SAL51,2022-02-06 11:21:02.525050100,4878.338511058235,South,Books,2
SAL52,2022-02-07 04:51:27.775551102,4100.531293444458,North,Sports,2
SAL53,2022-02-07 22:21:53.026052104,4757.995766256756,East,Home Decor,2
SAL54,2022-02-08 15:52:18.276553106,4579.309401710596,East,Books,2
SAL55,2022-02-09 09:22:43.527054108,3391.5999152443405,North,Beauty,2
SAL56,2022-02-10 02:53:08.777555110,4687.496940092467,North,Clothing,2
SAL57,2022-02-10 20:23:34.028056112,1353.970008207678,West,Beauty,2
SAL58,2022-02-11 13:53:59.278557114,1783.9314496765808,East,Beauty,2
SAL59,2022-02-12 07:24:24.529058116,1180.9091556421522,South,Clothing,2
SAL60,2022-02-13 00:54:49.779559118,2301.3213230530573,West,Beauty,2
SAL61,2022-02-13 18:25:15.030060120,2554.709158757928,North,Books,2
SAL62,2022-02-14 11:55:40.280561122,2085.3961270955833,North,Home Decor,2
SAL63,2022-02-15 05:26:05.531062124,4314.950036607717,East,Clothing,2
SAL64,2022-02-15 22:56:30.781563126,2427.0133067743573,North,Sports,2
SAL65,2022-02-16 16:26:56.032064128,2123.738038749523,South,Beauty,2
SAL66,2022-02-17 09:57:21.282565130,3170.784332632994,East,Clothing,2
SAL67,2022-02-18 03:27:46.533066132,1563.6968998990505,North,Electronics,2
SAL68,2022-02-18 20:58:11.783567134,4208.787923016159,East,Electronics,2
SAL69,2022-02-19 14:28:37.034068136,1298.2025747190833,North,Home Decor,2
SAL70,2022-02-20 07:59:02.284569138,4947.54774640207,North,Books,2
SAL71,2022-02-21 01:29:27.535070140,4088.9790771866296,North,Home Decor,2
SAL72,2022-02-21 18:59:52.785571142,1794.8627261366896,South,Home Decor,2
SAL73,2022-02-22 12:30:18.036072145,1022.0884684944097,South,Home Decor,2
SAL74,2022-02-23 06:00:43.286573147,4261.845713819337,East,Home Decor,2
SAL75,2022-02-23 23:31:08.537074149,3827.4293753904685,North,Sports,2
SAL76,2022-02-24 17:01:33.787575151,3916.028672163949,North,Sports,2
SAL77,2022-02-25 10:31:59.038076153,4085.081386743783,South,Clothing,2
SAL78,2022-02-26 04:02:24.288577155,1296.1786069363616,North,Electronics,2
SAL79,2022-02-26 21:32:49.539078157,2433.8629141770907,South,Home Decor,2
SAL80,2022-02-27 15:03:14.789579159,1463.476238100519,North,Clothing,2
SAL81,2022-02-28 08:33:40.040080161,4452.413703502374,East,Electronics,2
SAL82,2022-03-01 02:04:05.290581163,3493.1925073102316,North,Beauty,3
SAL83,2022-03-01 19:34:30.541082165,2323.592099410597,North,Books,3
SAL84,2022-03-02 13:04:55.791583167,1254.2334011440946,West,Sports,3
SAL85,2022-03-03 06:35:21.042084169,2243.929286862649,South,Beauty,3
SAL86,2022-03-04 00:05:46.292585171,2300.733288106988,North,Electronics,3
SAL87,2022-03-04 17:36:11.543086173,3918.4247133522563,North,Beauty,3
SAL88,2022-03-05 11:06:36.793587175,3550.2298854208525,West,Books,3
SAL89,2022-03-06 04:37:02.044088177,4548.850970305306,West,Electronics,3
SAL90,2022-03-06 22:07:27.294589179,2888.859700647797,South,Beauty,3
SAL91,2022-03-07 15:37:52.545090181,1478.3769837532068,West,Sports,3
SAL92,2022-03-08 09:08:17.795591183,3852.97914889198,East,Sports,3
SAL93,2022-03-09 02:38:43.046092185,4043.14019446759,West,Clothing,3
SAL94,2022-03-09 20:09:08.296593187,3245.108790277985,East,Beauty,3
SAL95,2022-03-10 13:39:33.547094189,4083.868719818244,South,Home Decor,3
SAL96,2022-03-11 07:09:58.797595191,2975.182385457563,South,Beauty,3
SAL97,2022-03-12 00:40:24.048096193,3090.9313175279763,South,Electronics,3
SAL98,2022-03-12 18:10:49.298597195,2710.1640734341986,South,Electronics,3
SAL99,2022-03-13 11:41:14.549098197,1101.6765069763808,South,Beauty,3
SAL100,2022-03-14 05:11:39.799599199,1431.5657079732177,East,Books,3
SAL101,2022-03-14 22:42:05.050100201,1125.716742746937,East,Sports,3
SAL102,2022-03-15 16:12:30.300601203,3545.6416450551214,South,Electronics,3
SAL103,2022-03-16 09:42:55.551102205,2257.4239243053066,West,Sports,3
SAL104,2022-03-17 03:13:20.801603207,3034.282764658811,North,Electronics,3
SAL105,2022-03-17 20:43:46.052104209,4630.265895704372,South,Clothing,3
SAL106,2022-03-18 14:14:11.302605211,1997.1689165955,West,Home Decor,3
SAL107,2022-03-19 07:44:36.553106213,2641.531692142519,North,Electronics,3
SAL108,2022-03-20 01:15:01.803607215,4022.2045541721945,South,Sports,3
SAL109,2022-03-20 18:45:27.054108217,1915.1926619664898,South,Clothing,3
SAL110,2022-03-21 12:15:52.304609219,1307.919639315172,East,Electronics,3
SAL111,2022-03-22 05:46:17.555110221,2159.005811655072,North,Books,3
SAL112,2022-03-22 23:16:42.805611223,1644.8851490160177,North,Home Decor,3
SAL113,2022-03-23 16:47:08.056112225,4718.790609370292,West,Electronics,3
SAL114,2022-03-24 10:17:33.306613227,4232.481518257668,East,Clothing,3
SAL115,2022-03-25 03:47:58.557114229,3533.615026041694,East,Books,3
SAL116,2022-03-25 21:18:23.807615231,4485.84236075087,East,Beauty,3
SAL117,2022-03-26 14:48:49.058116233,4214.688307596458,East,Clothing,3
SAL118,2022-03-27 08:19:14.308617235,1746.2802355441434,North,Clothing,3
SAL119,2022-03-28 01:49:39.559118237,4570.235993959911,North,Books,3
SAL120,2022-03-28 19:20:04.809619239,3157.3689676626027,South,Clothing,3
SAL121,2022-03-29 12:50:30.060120241,4229.7606206562505,South,Books,3
SAL122,2022-03-30 06:20:55.310621243,4584.365199693973,East,Electronics,3
SAL123,2022-03-30 23:51:20.561122245,2272.0138998874554,East,Books,3
SAL124,2022-03-31 17:21:45.811623247,1440.207698110707,East,Books,3
SAL125,2022-04-01 10:52:11.062124249,1911.7406501677667,South,Home Decor,4
SAL126,2022-04-02 04:22:36.312625251,2708.431154505025,West,Books,4
SAL127,2022-04-02 21:53:01.563126253,4272.059063689972,West,Books,4
SAL128,2022-04-03 15:23:26.813627255,4442.9223330253735,South,Beauty,4
SAL129,2022-04-04 08:53:52.064128257,1027.8085221247627,South,Electronics,4
SAL130,2022-04-05 02:24:17.314629259,3042.989210310263,South,Home Decor,4
SAL131,2022-04-05 19:54:42.565130261,2669.644012595116,South,Beauty,4
SAL132,2022-04-06 13:25:07.815631263,1888.4312418829209,South,Sports,4
SAL133,2022-04-07 06:55:33.066132265,1479.4614693347312,South,Electronics,4
SAL134,2022-04-08 00:25:58.316633267,2350.460685614512,East,Electronics,4
SAL135,2022-04-08 17:56:23.567134269,4771.638815650076,East,Sports,4
SAL136,2022-04-09 11:26:48.817635271,2292.811728083021,East,Books,4
SAL137,2022-04-10 04:57:14.068136273,3075.162486973464,East,Beauty,4
SAL138,2022-04-10 22:27:39.318637275,3812.0758355807116,South,Clothing,4
SAL139,2022-04-11 15:58:04.569138277,2454.518409517176,West,Home Decor,4
SAL140,2022-04-12 09:28:29.819639279,4887.128330883843,North,Clothing,4
SAL141,2022-04-13 02:58:55.070140281,4849.789179768445,South,Sports,4
SAL142,2022-04-13 20:29:20.320641283,2007.1291833014566,North,Electronics,4
SAL143,2022-04-14 13:59:45.571142285,2988.9940235695417,West,Electronics,4
SAL144,2022-04-15 07:30:10.821643288,2203.5132392670785,East,Home Decor,4
SAL145,2022-04-16 01:00:36.072144290,2139.3619775098705,West,Electronics,4
SAL146,2022-04-16 18:31:01.322645292,1147.5477894181313,South,Electronics,4
SAL147,2022-04-17 12:01:26.573146294,3438.2573359195876,East,Home Decor,4
SAL148,2022-04-18 05:31:51.823647296,3010.716092915446,South,Beauty,4
SAL149,2022-04-18 23:02:17.074148298,1205.9150049999573,East,Beauty,4
SAL150,2022-04-19 16:32:42.324649300,2114.585856946446,North,Home Decor,4
SAL151,2022-04-20 10:03:07.575150302,4633.063543866615,North,Sports,4
SAL152,2022-04-21 03:33:32.825651304,1958.2475626678897,North,Electronics,4
SAL153,2022-04-21 21:03:58.076152306,1579.5794883648923,West,Electronics,4
SAL154,2022-04-22 14:34:23.326653308,2957.811041110252,South,Sports,4
SAL155,2022-04-23 08:04:48.577154310,4942.601816442402,West,Beauty,4
SAL156,2022-04-24 01:35:13.827655312,1968.2210860460018,North,Books,4
SAL157,2022-04-24 19:05:39.078156314,3688.5421896235143,South,Books,4
SAL158,2022-04-25 12:36:04.328657316,4046.4784613148704,North,Books,4
SAL159,2022-04-26 06:06:29.579158318,1950.5501759695985,West,Beauty,4
SAL160,2022-04-26 23:36:54.829659320,3912.865394447438,West,Beauty,4
SAL161,2022-04-27 17:07:20.080160322,2471.132530877013,West,Sports,4
SAL162,2022-04-28 10:37:45.330661324,3529.223322374318,North,Electronics,4
SAL163,2022-04-29 04:08:10.581162326,3534.1188430435786,South,Sports,4
SAL164,2022-04-29 21:38:35.831663328,3143.098736299034,South,Sports,4
SAL165,2022-04-30 15:09:01.082164330,1361.1590802176333,North,Beauty,4
SAL166,2022-05-01 08:39:26.332665332,4341.2099823569515,South,Books,5
SAL167,2022-05-02 02:09:51.583166334,2283.120259886943,North,Clothing,5
SAL168,2022-05-02 19:40:16.833667336,1746.074041599417,South,Electronics,5
SAL169,2022-05-03 13:10:42.084168338,1163.1005662190557,East,Beauty,5
SAL170,2022-05-04 06:41:07.334669340,3363.5717727529673,East,Books,5
SAL171,2022-05-05 00:11:32.585170342,3710.2574473691297,West,Clothing,5
SAL172,2022-05-05 17:41:57.835671344,1066.3513157114246,East,Clothing,5
SAL173,2022-05-06 11:12:23.086172346,3048.372233197124,East,Beauty,5
SAL174,2022-05-07 04:42:48.336673348,1905.983100791752,East,Home Decor,5
SAL175,2022-05-07 22:13:13.587174350,3580.6911616377993,North,Electronics,5
SAL176,2022-05-08 15:43:38.837675352,1697.4657160199658,East,Clothing,5
SAL177,2022-05-09 09:14:04.088176354,3763.7509524098637,East,Beauty,5
SAL178,2022-05-10 02:44:29.338677356,2546.94138520215,West,Beauty,5
SAL179,2022-05-10 20:14:54.589178358,4746.919954946938,East,Books,5
SAL180,2022-05-11 13:45:19.839679360,1550.0837765839728,East,Home Decor,5
SAL181,2022-05-12 07:15:45.090180362,2364.265404201034,South,Electronics,5
SAL182,2022-05-13 00:46:10.340681364,1453.8940849623564,West,Sports,5
SAL183,2022-05-13 18:16:35.591182366,4698.774473114251,West,Books,5
SAL184,2022-05-14 11:47:00.841683368,4509.357413523924,West,Clothing,5
SAL185,2022-05-15 05:17:26.092184370,2031.7665108606225,West,Clothing,5
SAL186,2022-05-15 22:47:51.342685372,3639.9361841367163,West,Books,5
SAL187,2022-05-16 16:18:16.593186374,4268.888800804863,West,Beauty,5
SAL188,2022-05-17 09:48:41.843687376,3220.8032463978493,North,Clothing,5
SAL189,2022-05-18 03:19:07.094188378,3118.602313424026,East,Home Decor,5
SAL190,2022-05-18 20:49:32.344689380,1967.4091636018068,West,Electronics,5
SAL191,2022-05-19 14:19:57.595190382,1372.4110712235968,East,Home Decor,5
SAL192,2022-05-20 07:50:22.845691384,4588.863031813307,East,Clothing,5
SAL193,2022-05-21 01:20:48.096192386,4601.672228653322,North,Sports,5
SAL194,2022-05-21 18:51:13.346693388,3532.4058290930716,West,Electronics,5
SAL195,2022-05-22 12:21:38.597194390,2356.1191641948026,South,Electronics,5
SAL196,2022-05-23 05:52:03.847695392,2396.8382984506434,North,Books,5
SAL197,2022-05-23 23:22:29.098196394,3903.8227154809574,South,Books,5
SAL198,2022-05-24 16:52:54.348697396,4588.441039810308,East,Sports,5
SAL199,2022-05-25 10:23:19.599198398,4548.345697060469,East,Beauty,5
SAL200,2022-05-26 03:53:44.849699400,4119.502183430495,North,Electronics,5
SAL201,2022-05-26 21:24:10.100200402,3568.126584617151,North,Sports,5
SAL202,2022-05-27 14:54:35.350701404,1336.5598599801954,South,Books,5
SAL203,2022-05-28 08:25:00.601202406,1646.514856378455,West,Books,5
SAL204,2022-05-29 01:55:25.851703408,4594.216754108316,South,Electronics,5
SAL205,2022-05-29 19:25:51.102204410,3425.7162386383598,North,Home Decor,5
SAL206,2022-05-30 12:56:16.352705412,1036.7882064665187,South,Clothing,5
SAL207,2022-05-31 06:26:41.603206414,1405.8861714641284,North,Books,5
SAL208,2022-05-31 23:57:06.853707416,3654.007076432223,South,Beauty,5
SAL209,2022-06-01 17:27:32.104208418,1020.2463353848748,North,Beauty,6
SAL210,2022-06-02 10:57:57.354709420,1643.2322056699945,North,Books,6
SAL211,2022-06-03 04:28:22.605210422,3194.9351574663447,North,Home Decor,6
SAL212,2022-06-03 21:58:47.855711424,3767.580790770773,West,Home Decor,6
SAL213,2022-06-04 15:29:13.106212426,3607.8450380104023,South,Sports,6
SAL214,2022-06-05 08:59:38.356713428,1897.0772378422391,South,Beauty,6
SAL215,2022-06-06 02:30:03.607214430,3848.7168853901435,South,Sports,6
SAL216,2022-06-06 20:00:28.857715432,1948.9963499872001,North,Beauty,6
SAL217,2022-06-07 13:30:54.108216434,2301.598792637071,South,Clothing,6
SAL218,2022-06-08 07:01:19.358717436,3985.9656204720964,South,Clothing,6
SAL219,2022-06-09 00:31:44.609218438,3598.5315961888587,North,Electronics,6
SAL220,2022-06-09 18:02:09.859719440,4396.893641976712,East,Sports,6
SAL221,2022-06-10 11:32:35.110220442,3630.4515692013733,North,Books,6
SAL222,2022-06-11 05:03:00.360721444,3273.2344133418865,South,Sports,6
SAL223,2022-06-11 22:33:25.611222446,1374.6990713123698,North,Books,6
SAL224,2022-06-12 16:03:50.861723448,2470.863212237734,East,Home Decor,6
SAL225,2022-06-13 09:34:16.112224450,2060.809470726902,North,Sports,6
SAL226,2022-06-14 03:04:41.362725452,1975.9585735163344,South,Home Decor,6
SAL227,2022-06-14 20:35:06.613226454,4892.0422190097825,East,Clothing,6
SAL228,2022-06-15 14:05:31.863727456,2572.3908986670417,West,Clothing,6
SAL229,2022-06-16 07:35:57.114228458,4568.186220708453,South,Electronics,6
SAL230,2022-06-17 01:06:22.364729460,3524.5545039890517,East,Sports,6
SAL231,2022-06-17 18:36:47.615230462,4179.2452141665935,East,Home Decor,6
SAL232,2022-06-18 12:07:12.865731464,3010.5483724207684,West,Books,6
SAL233,2022-06-19 05:37:38.116232466,3307.6155385054362,North,Clothing,6
SAL234,2022-06-19 23:08:03.366733468,2970.0707752754556,North,Clothing,6
SAL235,2022-06-20 16:38:28.617234470,1780.971951192178,South,Books,6
SAL236,2022-06-21 10:08:53.867735472,3889.8084610460214,West,Home Decor,6
SAL237,2022-06-22 03:39:19.118236474,2123.089449763423,North,Home Decor,6
SAL238,2022-06-22 21:09:44.368737476,1097.2638657258153,West,Sports,6
SAL239,2022-06-23 14:40:09.619238478,3581.889183628671,North,Sports,6
SAL240,2022-06-24 08:10:34.869739480,1708.4427176281956,East,Beauty,6
SAL241,2022-06-25 01:41:00.120240482,4761.8343374116575,North,Beauty,6
SAL242,2022-06-25 19:11:25.370741484,4815.71430801035,West,Electronics,6
SAL243,2022-06-26 12:41:50.621242486,4659.457560881794,East,Clothing,6
SAL244,2022-06-27 06:12:15.871743488,2480.6348010217775,East,Sports,6
SAL245,2022-06-27 23:42:41.122244490,1061.8264661154697,East,Home Decor,6
SAL246,2022-06-28 17:13:06.372745492,4713.274250350902,West,Books,6
SAL247,2022-06-29 10:43:31.623246494,2712.7365932692574,South,Home Decor,6
SAL248,2022-06-30 04:13:56.873747496,4866.619276174679,South,Clothing,6
SAL249,2022-06-30 21:44:22.124248498,4854.4799083570115,South,Beauty,6
SAL250,2022-07-01 15:14:47.374749500,4412.03782186944,West,Home Decor,7
SAL251,2022-07-02 08:45:12.625250502,2177.7955682783427,East,Electronics,7
SAL252,2022-07-03 02:15:37.875751504,2540.390914407701,South,Clothing,7
SAL253,2022-07-03 19:46:03.126252506,4404.546686067428,West,Beauty,7
SAL254,2022-07-04 13:16:28.376753508,2267.6880206251108,South,Books,7
SAL255,2022-07-05 06:46:53.627254510,1677.9709867443698,North,Beauty,7
SAL256,2022-07-06 00:17:18.877755512,3227.2050498334006,South,Electronics,7
SAL257,2022-07-06 17:47:44.128256514,4744.619096643124,South,Clothing,7
SAL258,2022-07-07 11:18:09.378757516,3784.119186699892,East,Books,7
SAL259,2022-07-08 04:48:34.629258518,3280.24468035746,West,Electronics,7
SAL260,2022-07-08 22:18:59.879759520,1388.705975083074,East,Beauty,7
SAL261,2022-07-09 15:49:25.130260522,3460.028906796679,East,Electronics,7
SAL262,2022-07-10 09:19:50.380761524,4960.215400417053,East,Clothing,7
SAL263,2022-07-11 02:50:15.631262526,1560.336060946096,East,Sports,7
SAL264,2022-07-11 20:20:40.881763528,3073.318609454947,East,Electronics,7
SAL265,2022-07-12 13:51:06.132264530,4509.492287711822,South,Electronics,7
SAL266,2022-07-13 07:21:31.382765532,3963.074471016818,East,Beauty,7
SAL267,2022-07-14 00:51:56.633266534,3788.062963981072,East,Beauty,7
SAL268,2022-07-14 18:22:21.883767536,3809.936335948437,West,Books,7
SAL269,2022-07-15 11:52:47.134268538,2437.964604879021,North,Beauty,7
SAL270,2022-07-16 05:23:12.384769540,2174.3673770579735,South,Home Decor,7
SAL271,2022-07-16 22:53:37.635270542,4237.444621914055,South,Clothing,7
SAL272,2022-07-17 16:24:02.885771544,4240.453578716722,South,Clothing,7
SAL273,2022-07-18 09:54:28.136272546,4468.289274320415,East,Sports,7
SAL274,2022-07-19 03:24:53.386773548,4652.962210225885,East,Sports,7
SAL275,2022-07-19 20:55:18.637274550,3045.369595443751,East,Clothing,7
SAL276,2022-07-20 14:25:43.887775552,3006.0651787487986,West,Sports,7
SAL277,2022-07-21 07:56:09.138276554,4193.180715867101,North,Books,7
SAL278,2022-07-22 01:26:34.388777556,3599.855723111061,East,Beauty,7
SAL279,2022-07-22 18:56:59.639278558,3807.8675090308134,North,Clothing,7
SAL280,2022-07-23 12:27:24.889779560,4183.170677744404,West,Sports,7
SAL281,2022-07-24 05:57:50.140280562,4560.021367270265,South,Clothing,7
SAL282,2022-07-24 23:28:15.390781564,2351.980627406143,East,Home Decor,7
SAL283,2022-07-25 16:58:40.641282566,2502.3318105597764,North,Electronics,7
SAL284,2022-07-26 10:29:05.891783568,1375.927759363476,North,Beauty,7
SAL285,2022-07-27 03:59:31.142284570,3313.1205639846958,East,Clothing,7
SAL286,2022-07-27 21:29:56.392785572,1143.7690951869683,South,Electronics,7
SAL287,2022-07-28 15:00:21.643286576,2862.3920725298403,South,Sports,7
SAL288,2022-07-29 08:30:46.893787576,3170.5785388303066,South,Electronics,7
SAL289,2022-07-30 02:01:12.144288580,2146.1650085131378,West,Beauty,7
SAL290,2022-07-30 19:31:37.394789580,3363.333042276043,North,Clothing,7
SAL291,2022-07-31 13:02:02.645290584,1122.0009997561976,North,Home Decor,7
SAL292,2022-08-01 06:32:27.895791584,1149.3927549968575,North,Sports,8
SAL293,2022-08-02 00:02:53.146292588,4290.402242638633,West,Clothing,8
SAL294,2022-08-02 17:33:18.396793588,2440.762565645052,North,Beauty,8
SAL295,2022-08-03 11:03:43.647294592,1508.242050607539,West,Sports,8
SAL296,2022-08-04 04:34:08.897795592,3088.9730402192176,South,Books,8
SAL297,2022-08-04 22:04:34.148296596,4079.9742123944434,East,Electronics,8
SAL298,2022-08-05 15:34:59.398797596,1863.2841099873726,North,Beauty,8
SAL299,2022-08-06 09:05:24.649298600,3491.561903276001,North,Books,8
SAL300,2022-08-07 02:35:49.899799600,1341.3898599750719,South,Clothing,8
SAL301,2022-08-07 20:06:15.150300604,1206.7268846744307,East,Home Decor,8
SAL302,2022-08-08 13:36:40.400801604,3125.418526272592,West,Sports,8
SAL303,2022-08-09 07:07:05.651302608,3162.540486440426,East,Electronics,8
SAL304,2022-08-10 00:37:30.901803608,3549.719605992826,South,Sports,8
SAL305,2022-08-10 18:07:56.152304612,3904.3653348906464,South,Clothing,8
SAL306,2022-08-11 11:38:21.402805612,4903.408317850139,East,Sports,8
SAL307,2022-08-12 05:08:46.653306616,3065.201393204781,West,Electronics,8
SAL308,2022-08-12 22:39:11.903807616,2291.8258917649837,West,Clothing,8
SAL309,2022-08-13 16:09:37.154308620,4180.744779074815,North,Sports,8
SAL310,2022-08-14 09:40:02.404809620,2083.329005048297,West,Home Decor,8
SAL311,2022-08-15 03:10:27.655310624,2755.8856828225444,East,Beauty,8
SAL312,2022-08-15 20:40:52.905811624,1313.8255253690638,South,Clothing,8
SAL313,2022-08-16 14:11:18.156312628,1101.40297366183,North,Beauty,8
SAL314,2022-08-17 07:41:43.406813628,4850.5936587117,North,Clothing,8
SAL315,2022-08-18 01:12:08.657314632,4343.920482048823,South,Home Decor,8
SAL316,2022-08-18 18:42:33.907815632,3783.896824374792,West,Beauty,8
SAL317,2022-08-19 12:12:59.158316636,2635.81177765708,South,Books,8
SAL318,2022-08-20 05:43:24.408817636,1693.177280283383,West,Electronics,8
SAL319,2022-08-20 23:13:49.659318640,1625.7481706843441,South,Books,8
SAL320,2022-08-21 16:44:14.909819640,2000.9715926583813,East,Sports,8
SAL321,2022-08-22 10:14:40.160320644,3196.906658824482,West,Home Decor,8
SAL322,2022-08-23 03:45:05.410821644,3858.3836908002495,East,Books,8
SAL323,2022-08-23 21:15:30.661322648,3640.789506870925,North,Clothing,8
SAL324,2022-08-24 14:45:55.911823648,2119.7355877837713,South,Sports,8
SAL325,2022-08-25 08:16:21.162324652,4819.461122652776,North,Sports,8
SAL326,2022-08-26 01:46:46.412825652,3951.587666783074,North,Books,8
SAL327,2022-08-26 19:17:11.663326656,3217.416210045603,North,Books,8
SAL328,2022-08-27 12:47:36.913827656,3446.8829849374088,North,Home Decor,8
SAL329,2022-08-28 06:18:02.164328660,2678.4002497111596,South,Electronics,8
SAL330,2022-08-28 23:48:27.414829660,1990.9239580046299,North,Books,8
SAL331,2022-08-29 17:18:52.665330664,2423.890714605046,South,Books,8
SAL332,2022-08-30 10:49:17.915831664,4031.3844418574763,South,Beauty,8
SAL333,2022-08-31 04:19:43.166332668,1057.5739545190236,East,Clothing,8
SAL334,2022-08-31 21:50:08.416833668,1464.290562027665,West,Beauty,8
SAL335,2022-09-01 15:20:33.667334672,1184.010568087011,West,Beauty,9
SAL336,2022-09-02 08:50:58.917835672,1162.9152092758804,South,Sports,9
SAL337,2022-09-03 02:21:24.168336676,4421.842336044028,East,Electronics,9
SAL338,2022-09-03 19:51:49.418837676,3814.6314375200946,South,Clothing,9
SAL339,2022-09-04 13:22:14.669338680,2896.695316349301,South,Home Decor,9
SAL340,2022-09-05 06:52:39.919839680,1391.3366426040059,South,Home Decor,9
SAL341,2022-09-06 00:23:05.170340684,2966.463500467329,East,Books,9
SAL342,2022-09-06 17:53:30.420841684,2893.887083122263,West,Books,9
SAL343,2022-09-07 11:23:55.671342688,1692.8074796400606,East,Home Decor,9
SAL344,2022-09-08 04:54:20.921843688,2735.4065969518924,North,Books,9
SAL345,2022-09-08 22:24:46.172344692,2594.018937589494,East,Electronics,9
SAL346,2022-09-09 15:55:11.422845692,3463.400392208866,East,Beauty,9
SAL347,2022-09-10 09:25:36.673346696,3540.374603470575,East,Books,9
SAL348,2022-09-11 02:56:01.923847696,1181.2160390881781,East,Sports,9
SAL349,2022-09-11 20:26:27.174348700,2498.450458505885,West,Books,9
SAL350,2022-09-12 13:56:52.424849700,3503.4396628569457,North,Clothing,9
SAL351,2022-09-13 07:27:17.675350704,3012.545034320351,West,Electronics,9
SAL352,2022-09-14 00:57:42.925851704,4425.959364753289,West,Clothing,9
SAL353,2022-09-14 18:28:08.176352708,3634.77452647578,East,Clothing,9
SAL354,2022-09-15 11:58:33.426853708,1651.7377083257188,South,Sports,9
SAL355,2022-09-16 05:28:58.677354712,1282.2749896017194,South,Electronics,9
SAL356,2022-09-16 22:59:23.927855712,3569.6771128252626,West,Electronics,9
SAL357,2022-09-17 16:29:49.178356716,1106.0452421664872,West,Electronics,9
SAL358,2022-09-18 10:00:14.428857716,3343.1023250938533,East,Electronics,9
SAL359,2022-09-19 03:30:39.679358720,4760.92096569983,West,Electronics,9
SAL360,2022-09-19 21:01:04.929859720,3301.8967115035157,East,Sports,9
SAL361,2022-09-20 14:31:30.180360724,2552.679704826088,South,Books,9
SAL362,2022-09-21 08:01:55.430861724,3573.1528737694125,South,Clothing,9
SAL363,2022-09-22 01:32:20.681362728,2833.0115619660664,North,Electronics,9
SAL364,2022-09-22 19:02:45.931863728,3182.46715726374,South,Books,9
SAL365,2022-09-23 12:33:11.182364732,4765.859235106101,West,Books,9
SAL366,2022-09-24 06:03:36.432865732,2544.410551203097,South,Clothing,9
SAL367,2022-09-24 23:34:01.683366736,4844.762255295656,East,Sports,9
SAL368,2022-09-25 17:04:26.933867736,4621.402567824255,South,Home Decor,9
SAL369,2022-09-26 10:34:52.184368740,1783.1645391571858,North,Home Decor,9
SAL370,2022-09-27 04:05:17.434869740,1277.4452035006618,South,Books,9
SAL371,2022-09-27 21:35:42.685370744,1403.1120055097067,East,Beauty,9
SAL372,2022-09-28 15:06:07.935871744,1072.887302606199,East,Beauty,9
SAL373,2022-09-29 08:36:33.186372748,1377.7718430237137,West,Clothing,9
SAL374,2022-09-30 02:06:58.436873748,3732.0270936654274,South,Home Decor,9
SAL375,2022-09-30 19:37:23.687374752,1284.754593840916,East,Books,9
SAL376,2022-10-01 13:07:48.937875752,2275.902521175045,North,Sports,10
SAL377,2022-10-02 06:38:14.188376756,4379.501243877818,West,Home Decor,10
SAL378,2022-10-03 00:08:39.438877756,1093.0877429433035,North,Books,10
SAL379,2022-10-03 17:39:04.689378760,4257.873930355743,South,Books,10
SAL380,2022-10-04 11:09:29.939879760,2127.4190990935995,South,Electronics,10
SAL381,2022-10-05 04:39:55.190380764,1472.6593104866251,South,Sports,10
SAL382,2022-10-05 22:10:20.440881764,3786.9486614566026,West,Electronics,10
SAL383,2022-10-06 15:40:45.691382768,3515.771387119536,East,Clothing,10
SAL384,2022-10-07 09:11:10.941883768,4509.888054108212,West,Electronics,10
SAL385,2022-10-08 02:41:36.192384772,3940.284175215543,North,Electronics,10
SAL386,2022-10-08 20:12:01.442885772,4213.923721539394,West,Home Decor,10
SAL387,2022-10-09 13:42:26.693386776,2128.138290285226,North,Beauty,10
SAL388,2022-10-10 07:12:51.943887776,1709.7581751188914,West,Books,10
SAL389,2022-10-11 00:43:17.194388780,4002.4590065634334,East,Sports,10
SAL390,2022-10-11 18:13:42.444889780,4227.338957069056,North,Electronics,10
SAL391,2022-10-12 11:44:07.695390784,4962.020568002694,South,Sports,10
SAL392,2022-10-13 05:14:32.945891784,2650.470707645706,South,Beauty,10
SAL393,2022-10-13 22:44:58.196392788,2488.0723431711326,West,Beauty,10
SAL394,2022-10-14 16:15:23.446893788,4105.651842967987,South,Electronics,10
SAL395,2022-10-15 09:45:48.697394792,2363.2141610120716,North,Clothing,10
SAL396,2022-10-16 03:16:13.947895792,4723.029302414259,South,Electronics,10
SAL397,2022-10-16 20:46:39.198396796,4433.651007372047,East,Home Decor,10
SAL398,2022-10-17 14:17:04.448897796,2715.976109500073,East,Books,10
SAL399,2022-10-18 07:47:29.699398800,4003.4842711659894,West,Clothing,10
SAL400,2022-10-19 01:17:54.949899800,4018.1714963387294,North,Electronics,10
SAL401,2022-10-19 18:48:20.200400804,1412.4954753437305,East,Sports,10
SAL402,2022-10-20 12:18:45.450901804,4610.211626718266,East,Clothing,10
SAL403,2022-10-21 05:49:10.701402808,3021.0094897914287,North,Clothing,10
SAL404,2022-10-21 23:19:35.951903808,4305.829864430967,South,Electronics,10
SAL405,2022-10-22 16:50:01.202404812,2280.198404122447,South,Clothing,10
SAL406,2022-10-23 10:20:26.452905812,4582.092913984801,West,Sports,10
SAL407,2022-10-24 03:50:51.703406816,2556.8067149366525,South,Beauty,10
SAL408,2022-10-24 21:21:16.953907816,1043.3506059211934,North,Clothing,10
SAL409,2022-10-25 14:51:42.204408820,4621.527905677054,East,Beauty,10
SAL410,2022-10-26 08:22:07.454909820,1365.1467071445343,South,Sports,10
SAL411,2022-10-27 01:52:32.705410824,2277.2545503616593,West,Electronics,10
SAL412,2022-10-27 19:22:57.955911824,4800.24786820322,South,Books,10
SAL413,2022-10-28 12:53:23.206412828,4802.428587750224,North,Clothing,10
SAL414,2022-10-29 06:23:48.456913828,3293.7515524931446,West,Books,10
SAL415,2022-10-29 23:54:13.707414832,3527.348848679197,South,Sports,10
SAL416,2022-10-30 17:24:38.957915832,2793.782087913279,West,Clothing,10
SAL417,2022-10-31 10:55:04.208416836,2172.843086792258,North,Beauty,10
SAL418,2022-11-01 04:25:29.458917836,2314.6581814796637,East,Home Decor,11
SAL419,2022-11-01 21:55:54.709418840,3690.0738243081537,North,Books,11
SAL420,2022-11-02 15:26:19.959919840,4009.49811775072,North,Clothing,11
SAL421,2022-11-03 08:56:45.210420844,4166.316174903394,North,Books,11
SAL422,2022-11-04 02:27:10.460921844,4158.472571178216,North,Clothing,11
SAL423,2022-11-04 19:57:35.711422848,1364.8244121947614,East,Electronics,11
SAL424,2022-11-05 13:28:00.961923848,2977.681218810326,East,Beauty,11
SAL425,2022-11-06 06:58:26.212424852,1230.235040066577,West,Books,11
SAL426,2022-11-07 00:28:51.462925852,3198.115529294942,South,Home Decor,11
SAL427,2022-11-07 17:59:16.713426856,2766.1220054935084,East,Home Decor,11
SAL428,2022-11-08 11:29:41.963927856,4550.816731033199,East,Sports,11
SAL429,2022-11-09 05:00:07.214428860,2403.6600502083147,South,Clothing,11
SAL430,2022-11-09 22:30:32.464929860,1468.2680657104233,East,Books,11
SAL431,2022-11-10 16:00:57.715430864,1571.9667282113435,North,Sports,11
SAL432,2022-11-11 09:31:22.965931864,4046.042526869889,North,Books,11
SAL433,2022-11-12 03:01:48.216432868,3472.872253265044,South,Clothing,11
SAL434,2022-11-12 20:32:13.466933868,1404.490704491161,West,Home Decor,11
SAL435,2022-11-13 14:02:38.717434872,1336.4272244599897,West,Electronics,11
SAL436,2022-11-14 07:33:03.967935872,3803.87652583648,South,Home Decor,11
SAL437,2022-11-15 01:03:29.218436876,1291.0520254567741,South,Sports,11
SAL438,2022-11-15 18:33:54.468937876,4287.440237161425,North,Beauty,11
SAL439,2022-11-16 12:04:19.719438880,3824.968908625985,West,Electronics,11
SAL440,2022-11-17 05:34:44.969939880,1325.3951225675992,East,Sports,11
SAL441,2022-11-17 23:05:10.220440884,1339.3508563407677,North,Clothing,11
SAL442,2022-11-18 16:35:35.470941884,4946.558314004702,South,Electronics,11
SAL443,2022-11-19 10:06:00.721442888,2497.0831830244815,West,Sports,11
SAL444,2022-11-20 03:36:25.971943888,2482.5685882675634,East,Clothing,11
SAL445,2022-11-20 21:06:51.222444892,4251.19826903001,East,Home Decor,11
SAL446,2022-11-21 14:37:16.472945892,4788.994309535435,North,Beauty,11
SAL447,2022-11-22 08:07:41.723446896,4944.004255291484,West,Clothing,11
SAL448,2022-11-23 01:38:06.973947896,4013.5127410357663,West,Books,11
SAL449,2022-11-23 19:08:32.224448900,2505.038342123663,South,Clothing,11
SAL450,2022-11-24 12:38:57.474949900,1334.0028667946751,West,Clothing,11
SAL451,2022-11-25 06:09:22.725450904,4108.587663709747,West,Beauty,11
SAL452,2022-11-25 23:39:47.975951904,3233.61699894322,North,Books,11
SAL453,2022-11-26 17:10:13.226452908,2696.8880369879053,West,Sports,11
SAL454,2022-11-27 10:40:38.476953908,4625.417540378944,East,Sports,11
SAL455,2022-11-28 04:11:03.727454912,1444.7899292246054,North,Clothing,11
SAL456,2022-11-28 21:41:28.977955912,2970.5004171634364,North,Books,11
SAL457,2022-11-29 15:11:54.228456916,1045.4145790696762,South,Books,11
SAL458,2022-11-30 08:42:19.478957916,2874.6425679765052,West,Beauty,11
SAL459,2022-12-01 02:12:44.729458920,1225.2131027273495,South,Home Decor,12
SAL460,2022-12-01 19:43:09.979959920,1475.2716650722878,East,Sports,12
SAL461,2022-12-02 13:13:35.230460924,1470.1049871084197,North,Beauty,12
SAL462,2022-12-03 06:44:00.480961924,3596.841208464254,North,Electronics,12
SAL463,2022-12-04 00:14:25.731462928,3984.1795170616933,North,Sports,12
SAL464,2022-12-04 17:44:50.981963928,3333.4750603886387,East,Beauty,12
SAL465,2022-12-05 11:15:16.232464932,4848.690193898168,East,Sports,12
SAL466,2022-12-06 04:45:41.482965932,2499.482318094816,South,Home Decor,12
SAL467,2022-12-06 22:16:06.733466936,2142.848345127443,South,Electronics,12
SAL468,2022-12-07 15:46:31.983967936,4474.396512757841,South,Home Decor,12
SAL469,2022-12-08 09:16:57.234468940,1894.3833540778105,West,Electronics,12
SAL470,2022-12-09 02:47:22.484969940,4852.890157762446,North,Clothing,12
SAL471,2022-12-09 20:17:47.735470944,1048.6178987592655,North,Beauty,12
SAL472,2022-12-10 13:48:12.985971944,4879.515306830556,South,Electronics,12
SAL473,2022-12-11 07:18:38.236472948,1172.6396478023044,North,Home Decor,12
SAL474,2022-12-12 00:49:03.486973948,4564.572454792284,South,Sports,12
SAL475,2022-12-12 18:19:28.737474952,3110.8044363451995,West,Electronics,12
SAL476,2022-12-13 11:49:53.987975952,4971.859184477202,West,Beauty,12
SAL477,2022-12-14 05:20:19.238476956,1295.1862589415955,East,Electronics,12
SAL478,2022-12-14 22:50:44.488977956,3215.417137605283,West,Books,12
SAL479,2022-12-15 16:21:09.739478960,4877.210142476396,South,Sports,12
SAL480,2022-12-16 09:51:34.989979960,3092.3913766805954,West,Beauty,12
SAL481,2022-12-17 03:22:00.240480964,3517.5945525410502,East,Beauty,12
SAL482,2022-12-17 20:52:25.490981964,3782.9947559384686,North,Clothing,12
SAL483,2022-12-18 14:22:50.741482968,2818.1642590710926,South,Home Decor,12
SAL484,2022-12-19 07:53:15.991983968,3510.232320336254,North,Clothing,12
SAL485,2022-12-20 01:23:41.242484972,3337.257247692401,East,Beauty,12
SAL486,2022-12-20 18:54:06.492985972,4604.632041963956,East,Sports,12
SAL487,2022-12-21 12:24:31.743486976,1181.7855213658315,East,Electronics,12
SAL488,2022-12-22 05:54:56.993987976,2123.852758368921,North,Electronics,12
SAL489,2022-12-22 23:25:22.244488980,4801.645936306235,North,Sports,12
SAL490,2022-12-23 16:55:47.494989980,4561.055135563665,North,Beauty,12
SAL491,2022-12-24 10:26:12.745490984,2822.6270111428516,North,Electronics,12
SAL492,2022-12-25 03:56:37.995991984,3480.5303912061468,East,Electronics,12
SAL493,2022-12-25 21:27:03.246492988,2109.524731924531,East,Electronics,12
SAL494,2022-12-26 14:57:28.496993988,1752.4846388950452,South,Home Decor,12
SAL495,2022-12-27 08:27:53.747494992,2854.7936197599283,South,Home Decor,12
SAL496,2022-12-28 01:58:18.997995992,2413.4089121042116,North,Books,12
SAL497,2022-12-28 19:28:44.248496996,3334.6244474034884,West,Clothing,12
SAL498,2022-12-29 12:59:09.498997996,1310.9385478599393,West,Sports,12
SAL499,2022-12-30 06:29:34.749499000,4897.579230664665,East,Sports,12
SAL500,2022-12-31 00:00:00.000000000,4944.842977918412,East,Sports,12
